,Rehospitalization,Rehospitalization,Rehospitalization,Rehospitalization,Rehospitalization,Mortility,Mortility,Mortility,Mortility,Mortility,Transplantation,Transplantation,Transplantation,Transplantation,Transplantation,Rehospitalization + Mortality,Rehospitalization + Mortality,Rehospitalization + Mortality,Rehospitalization + Mortality,Rehospitalization + Mortality,Rehospitalization + Transplantation,Rehospitalization + Transplantation,Rehospitalization + Transplantation,Rehospitalization + Transplantation,Rehospitalization + Transplantation,Mortality + Transplantation,Mortality + Transplantation,Mortality + Transplantation,Mortality + Transplantation,Mortality + Transplantation,Triple,Triple,Triple,Triple,Triple
,Group,Modifications,Sequence,p,t,Group,Modifications,Sequence,p,t,Group,Modifications,Sequence,p,t,Group,Modifications,Sequence,p,t,Group,Modifications,Sequence,p,t,Group,Modifications,Sequence,p,t,Group,Modifications,Sequence,p,t
,,,,,,,,,,,,,,,,,,,,,,,,,,,,,,,,,,,
904.4866,P01024,,KITHRIH,0.657341339222,-0.446307438998,P01024,,KITHRIH,0.169600370686,-1.39402323039,P01024,,KITHRIH,0.609733236653,-0.513753763505,P01024,,KITHRIH,0.346562451868,-0.950421869131,P01024,,KITHRIH,0.981689253247,0.0230685837483,P01024,,KITHRIH,0.609733236653,-0.513753763505,P01024,,KITHRIH,0.981689253247,0.0230685837483
1060.6071,P01042,,RPPGFSPFR,0.710258804548,-0.373674034623,P01042,,RPPGFSPFR,0.38583173984,-0.875020540252,P01042,,RPPGFSPFR,0.461938996534,-0.741484299729,P01042,,RPPGFSPFR,0.483076474219,-0.706738408319,P01042,,RPPGFSPFR,0.67971424807,-0.415328930433,P01042,,RPPGFSPFR,0.461938996534,-0.741484299729,P01042,,RPPGFSPFR,0.67971424807,-0.415328930433
1277.611,P10909,,HFFFPKSRIV,0.318193468496,-1.00844812106,P10909,,HFFFPKSRIV,0.898385689003,0.128364811491,P10909,,HFFFPKSRIV,0.646888540918,0.460929546352,P10909,,HFFFPKSRIV,0.604042976259,-0.521969940486,P10909,,HFFFPKSRIV,0.884503334344,0.146021697006,P10909,,HFFFPKSRIV,0.646888540918,0.460929546352,P10909,,HFFFPKSRIV,0.884503334344,0.146021697006
1498.8206,P0C0L4,,NGFKSHALQLNNR,0.403173319652,-0.843273479181,P0C0L4,,NGFKSHALQLNNR,0.230153533775,-1.21509230583,P0C0L4,,NGFKSHALQLNNR,0.141297750683,-1.49511358868,P0C0L4,,NGFKSHALQLNNR,0.251314479759,-1.16088162614,P0C0L4,,NGFKSHALQLNNR,0.251979863061,-1.15923152038,P0C0L4,,NGFKSHALQLNNR,0.141297750683,-1.49511358868,P0C0L4,,NGFKSHALQLNNR,0.251979863061,-1.15923152038
1530.8462,P10909,,RPHFFFPKSRIV,0.923719143394,0.0962442567423,P10909,,RPHFFFPKSRIV,0.357318209144,-0.929243551128,P10909,,RPHFFFPKSRIV,0.366694559781,-0.911116580229,P10909,,RPHFFFPKSRIV,0.93020697371,0.0880358799556,P10909,,RPHFFFPKSRIV,0.709054786332,0.375303101356,P10909,,RPHFFFPKSRIV,0.366694559781,-0.911116580229,P10909,,RPHFFFPKSRIV,0.709054786332,0.375303101356
1628.0156,P0C0L4,,NGFKSHALQLNNRQ,0.635073565123,0.477578791752,P0C0L4,,NGFKSHALQLNNRQ,0.382345087566,-0.881510888814,P0C0L4,,NGFKSHALQLNNRQ,0.440162515229,0.778251839975,P0C0L4,,NGFKSHALQLNNRQ,0.930332199962,0.0878775055342,P0C0L4,,NGFKSHALQLNNRQ,0.593615384135,0.537120202482,P0C0L4,,NGFKSHALQLNNRQ,0.440162515229,0.778251839975,P0C0L4,,NGFKSHALQLNNRQ,0.593615384135,0.537120202482
1739.9721,P0C0L4,,NGFKSHALQLNNRQI,0.877453457087,0.155005850367,P0C0L4,,NGFKSHALQLNNRQI,0.661207224754,0.440924205011,P0C0L4,,NGFKSHALQLNNRQI,0.0856737450816,1.75405499502,P0C0L4,,NGFKSHALQLNNRQI,0.768293951203,0.296246340054,P0C0L4,,NGFKSHALQLNNRQI,0.0904066294689,1.7273357496,P0C0L4,,NGFKSHALQLNNRQI,0.0856737450816,1.75405499502,P0C0L4,,NGFKSHALQLNNRQI,0.0904066294689,1.7273357496
1804.9565,Q14624,N-Term(Gln->pyro-Glu); M9(Oxidation),QAGAAGSRMNFRPGVLSS,0.388131840146,-0.870759140554,Q14624,N-Term(Gln->pyro-Glu); M9(Oxidation),QAGAAGSRMNFRPGVLSS,0.802976660104,0.250853063557,Q14624,N-Term(Gln->pyro-Glu); M9(Oxidation),QAGAAGSRMNFRPGVLSS,0.155696844203,1.44188233796,Q14624,N-Term(Gln->pyro-Glu); M9(Oxidation),QAGAAGSRMNFRPGVLSS,0.764920614499,-0.300693234777,Q14624,N-Term(Gln->pyro-Glu); M9(Oxidation),QAGAAGSRMNFRPGVLSS,0.36227044665,0.919631792469,Q14624,N-Term(Gln->pyro-Glu); M9(Oxidation),QAGAAGSRMNFRPGVLSS,0.155696844203,1.44188233796,Q14624,N-Term(Gln->pyro-Glu); M9(Oxidation),QAGAAGSRMNFRPGVLSS,0.36227044665,0.919631792469
1896.0793,P0C0L4,,NGFKSHALQLNNRQIR,0.412413184156,-0.826702823825,P0C0L4,,NGFKSHALQLNNRQIR,0.158691556034,1.4313006815,P0C0L4,,NGFKSHALQLNNRQIR,0.208463102617,1.2745975947,P0C0L4,,NGFKSHALQLNNRQIR,0.8547855529,0.18398367107,P0C0L4,,NGFKSHALQLNNRQIR,0.524148386785,0.641560631752,P0C0L4,,NGFKSHALQLNNRQIR,0.208463102617,1.2745975947,P0C0L4,,NGFKSHALQLNNRQIR,0.524148386785,0.641560631752
1960.9946,Q14624,N-Term(Gln->pyro-Glu); M9(Oxidation),QAGAAGSRMNFRPGVLSSR,0.317738453563,-1.00940651272,Q14624,N-Term(Gln->pyro-Glu); M9(Oxidation),QAGAAGSRMNFRPGVLSSR,0.435066545725,0.787009357657,Q14624,N-Term(Gln->pyro-Glu); M9(Oxidation),QAGAAGSRMNFRPGVLSSR,0.564740539285,0.579748478441,Q14624,N-Term(Gln->pyro-Glu); M9(Oxidation),QAGAAGSRMNFRPGVLSSR,0.921158646983,0.0994855767452,Q14624,N-Term(Gln->pyro-Glu); M9(Oxidation),QAGAAGSRMNFRPGVLSSR,0.714152338536,0.368412860476,Q14624,N-Term(Gln->pyro-Glu); M9(Oxidation),QAGAAGSRMNFRPGVLSSR,0.564740539285,0.579748478441,Q14624,N-Term(Gln->pyro-Glu); M9(Oxidation),QAGAAGSRMNFRPGVLSSR,0.714152338536,0.368412860476
2127.1366,P01042,,GHGLGHGHEQQHGLGHGHKF,0.193840096111,-1.31737474284,P01042,,GHGLGHGHEQQHGLGHGHKF,0.757947131988,0.309905361934,P01042,,GHGLGHGHEQQHGLGHGHKF,0.838225467163,0.205252102874,P01042,,GHGLGHGHEQQHGLGHGHKF,0.459721336331,-0.745181879855,P01042,,GHGLGHGHEQQHGLGHGHKF,0.589428768947,-0.543238105759,P01042,,GHGLGHGHEQQHGLGHGHKF,0.838225467163,0.205252102874,P01042,,GHGLGHGHEQQHGLGHGHKF,0.589428768947,-0.543238105759
2184.2132,Q14624,,RQLGLPGPPDVPDHAAYHPF,0.319351786294,-1.0060125411,Q14624,,RQLGLPGPPDVPDHAAYHPF,0.221184961613,1.23917104481,Q14624,,RQLGLPGPPDVPDHAAYHPF,0.266011995503,1.12513741479,Q14624,,RQLGLPGPPDVPDHAAYHPF,0.847029452833,0.193933816191,Q14624,,RQLGLPGPPDVPDHAAYHPF,0.550135839033,0.601718132328,Q14624,,RQLGLPGPPDVPDHAAYHPF,0.266011995503,1.12513741479,Q14624,,RQLGLPGPPDVPDHAAYHPF,0.550135839033,0.601718132328
2209.1706,P01042,,KHNLGHGHKHERDQGHGHQ,0.334274850001,-0.975151565668,P01042,,KHNLGHGHKHERDQGHGHQ,0.83701792479,-0.206806562762,P01042,,KHNLGHGHKHERDQGHGHQ,0.720080551616,-0.360422133767,P01042,,KHNLGHGHKHERDQGHGHQ,0.391650107675,-0.864271401666,P01042,,KHNLGHGHKHERDQGHGHQ,0.420774498959,-0.811902268069,P01042,,KHNLGHGHKHERDQGHGHQ,0.720080551616,-0.360422133767,P01042,,KHNLGHGHKHERDQGHGHQ,0.420774498959,-0.811902268069
2326.2954,P02765,M4(Oxidation),HTFMGVVSLGSPSGEVSHPRKT,0.921767970168,-0.0987141420876,P02765,M4(Oxidation),HTFMGVVSLGSPSGEVSHPRKT,0.746140652647,-0.325563731901,P02765,M4(Oxidation),HTFMGVVSLGSPSGEVSHPRKT,0.29505423472,1.0584194079,P02765,M4(Oxidation),HTFMGVVSLGSPSGEVSHPRKT,0.986628126828,0.0168456890919,P02765,M4(Oxidation),HTFMGVVSLGSPSGEVSHPRKT,0.634502598355,0.478386756339,P02765,M4(Oxidation),HTFMGVVSLGSPSGEVSHPRKT,0.29505423472,1.0584194079,P02765,M4(Oxidation),HTFMGVVSLGSPSGEVSHPRKT,0.634502598355,0.478386756339
2365.235,P01042,,KHNLGHGHKHERDQGHGHQR,0.611027491867,-0.511889909448,P01042,,KHNLGHGHKHERDQGHGHQR,0.405043285547,-0.839901201224,P01042,,KHNLGHGHKHERDQGHGHQR,0.302219389786,-1.04266758481,P01042,,KHNLGHGHKHERDQGHGHQR,0.476959399613,-0.716703563087,P01042,,KHNLGHGHKHERDQGHGHQR,0.46202001433,-0.741349409807,P01042,,KHNLGHGHKHERDQGHGHQR,0.302219389786,-1.04266758481,P01042,,KHNLGHGHKHERDQGHGHQR,0.46202001433,-0.741349409807
2560.3139,P02671,,DEAGSEADHEGTHSTKRGHAKSRP,0.557532854657,-0.590554802694,P02671,,DEAGSEADHEGTHSTKRGHAKSRP,0.653082872044,-0.452252601961,P02671,,DEAGSEADHEGTHSTKRGHAKSRP,0.931695747081,-0.0861531636822,P02671,,DEAGSEADHEGTHSTKRGHAKSRP,0.631833128569,-0.482168496522,P02671,,DEAGSEADHEGTHSTKRGHAKSRP,0.949419280158,-0.063761829499,P02671,,DEAGSEADHEGTHSTKRGHAKSRP,0.931695747081,-0.0861531636822,P02671,,DEAGSEADHEGTHSTKRGHAKSRP,0.949419280158,-0.063761829499
3255.618,P02671,M4(Oxidation),SYKMADEAGSEADHEGTHSTKRGHAKSRPV,0.911713771895,-0.111451297846,P02671,M4(Oxidation),SYKMADEAGSEADHEGTHSTKRGHAKSRPV,0.520427106128,-0.647349680186,P02671,M4(Oxidation),SYKMADEAGSEADHEGTHSTKRGHAKSRPV,0.579402620082,0.557974148914,P02671,M4(Oxidation),SYKMADEAGSEADHEGTHSTKRGHAKSRPV,0.893572177501,-0.134482181223,P02671,M4(Oxidation),SYKMADEAGSEADHEGTHSTKRGHAKSRPV,0.917511938764,-0.104103777095,P02671,M4(Oxidation),SYKMADEAGSEADHEGTHSTKRGHAKSRPV,0.579402620082,0.557974148914,P02671,M4(Oxidation),SYKMADEAGSEADHEGTHSTKRGHAKSRPV,0.917511938764,-0.104103777095
